<?xml version="1.0" encoding="utf-8"?>
<extension type="component" version="3.0" method="upgrade">
    <name>com_client</name>
    <creationDate>2020-01-17</creationDate>
    <copyright>2020 Maikol Fustes</copyright>
    <license>Licencia Pública General GNU versión 2 o posterior. Consulte LICENSE.txt</license>
    <author>Maikol Fustes</author>
    <authorEmail>maikol@maikol.eu</authorEmail>
    <authorUrl>https://maikol.eu</authorUrl>
    <version>CVS: 1.0.0</version>
    <description>COM_ORTRANSLATOR_XML_DESCRIPTION</description>

    <scriptfile>script.php</scriptfile>

    <install> <!-- Runs on install -->
        <sql>
            <file driver="mysql" charset="utf8">sql/install.mysql.utf8.sql</file>
        </sql>
    </install>
    <update> <!-- Runs on update -->
        <sql>
            <file driver="mysql" charset="utf8">sql/update.mysql.utf8.sql</file>
        </sql>
    </update>

    <uninstall> <!-- Runs on uninstall -->
        <sql>
            <file driver="mysql" charset="utf8">sql/uninstall.mysql.utf8.sql</file>
        </sql>
    </uninstall>

    <files folder="site">
        <filename>index.html</filename>
        <filename>client.php</filename>
        <filename>controller.php</filename>
        <filename>router.php</filename>
        <folder>views</folder>
        <folder>models</folder>
        <folder>controllers</folder>
        <folder>helpers</folder>
    </files>
    <media destination="com_client" folder="media">
        <folder>js</folder>
        <folder>css</folder>
    </media>
    <languages folder="site/languages">

			<language tag="en-GB">en-GB/en-GB.com_client.ini</language>
			<language tag="es-ES">es-ES/es-ES.com_client.ini</language>
    </languages>
    <administration>
        <menu>COM_ORTRANSLATOR</menu>
        <submenu>

			<menu link="option=com_client&amp;view=clients" view="clients" alt="Client/Clients">COM_ORTRANSLATOR_TITLE_CLIENTS</menu>

			<menu link="option=com_categories&amp;extension=com_client.clients" view="categories" alt="Client/Categories">COM_ORTRANSLATOR_CLIENTS_CATID</menu>

			<menu link="option=com_client&amp;view=translations" view="translations" alt="Client/Translations">COM_ORTRANSLATOR_TITLE_TRANSLATIONS</menu>

			<menu link="option=com_client&amp;view=translators" view="translators" alt="Client/Translators">COM_ORTRANSLATOR_TITLE_TRANSLATORS</menu>

			<menu link="option=com_client&amp;view=invoices" view="invoices" alt="Client/Invoices">COM_ORTRANSLATOR_TITLE_INVOICES</menu>

			<menu link="option=com_client&amp;view=quotes" view="quotes" alt="Client/Quotes">COM_ORTRANSLATOR_TITLE_QUOTES</menu>

			<menu link="option=com_client&amp;view=languages" view="languages" alt="Client/Languages">COM_ORTRANSLATOR_TITLE_LANGUAGES</menu>

        </submenu>
        <files folder="administrator">
            <filename>access.xml</filename>
            <filename>config.xml</filename>
            <filename>controller.php</filename>
            <filename>index.html</filename>
            <filename>client.php</filename>
            <folder>controllers</folder>
            <folder>assets</folder>
            <folder>helpers</folder>
            <folder>models</folder>
            <folder>sql</folder>
            <folder>tables</folder>
            <folder>views</folder>
        </files>
        <languages folder="administrator/languages">

			<language tag="en-GB">en-GB/en-GB.com_client.ini</language>
			<language tag="en-GB">en-GB/en-GB.com_client.sys.ini</language>
			<language tag="es-ES">es-ES/es-ES.com_client.ini</language>
			<language tag="es-ES">es-ES/es-ES.com_client.sys.ini</language>
        </languages>
    </administration>
    <config>
        <fields name="params">
            <fieldset name="component">
                <field name="save_history" default="0" />
            </fieldset>
        </fields>
    </config>
    <plugins>
        <plugin group="search" plugin="client"/>
    </plugins>
    <modules>
		<module module="mod_client" />
	</modules>
</extension>
<!-- Component built by the Joomla Component Creator -->
<!-- http://www.component-creator.com/ -->
