<?xml version="1.0"?>
<component>
  <table action="change" old_name="#__clientes" new_name="#__clients" table_name="#__clients" storage_engine="" collation="utf8mb4_unicode_ci">
    <field field_name="name" field_type="VARCHAR" field_length="255" description="Nombre de la empresa. Para los aut&#xB4;&#xF3;nomos nombre completo, incluidos apellidos"/>
    <field field_name="adrress" field_type="VARCHAR" field_length="255" description="Direcci&#xF3;n de la persona o empresa"/>
    <field action="change" old_name="contactname" new_name="contact_name" field_name="contact_name" field_type="VARCHAR" field_length="255" description="Nombre y apellidos de la persona de contacto de la empresa."/>
    <field action="change" old_name="invadrress" new_name="inv_adrress" field_name="inv_adrress" field_type="VARCHAR" field_length="255" description="Direcci&#xF3;n de la persona o empresa"/>
    <field field_name="users_id" field_type="TEXT" description=""/>
    <field field_name="id" field_type="INT" field_length="11" is_autoincrement="1" index="primary" description=""/>
    <field field_name="cif" field_type="VARCHAR" field_length="15" description="CIF o NIF de la persona o empresa."/>
    <field field_name="cp" field_type="VARCHAR" field_length="10" description="C&#xF3;digo postal de la direcci&#xF3;n de la persona o empresa."/>
    <field action="change" old_name="contactposition" new_name="contact_position" field_name="contact_position" field_type="VARCHAR" field_length="255" description="Cargo que ocupa esta persona dentro de la empresa."/>
    <field action="change" old_name="invcp" new_name="inv_cp" field_name="inv_cp" field_type="VARCHAR" field_length="10" description="C&#xF3;digo postal de la direcci&#xF3;n de la persona o empresa."/>
    <field field_name="ordering" field_type="INT" field_length="11" index="index" description=""/>
    <field field_name="city" field_type="VARCHAR" field_length="255" description="Localidad de la persona o empresa."/>
    <field field_name="alias" field_type="VARCHAR(255) COLLATE utf8_bin" description=""/>
    <field action="change" old_name="contactemail" new_name="contacte_mail" field_name="contacte_mail" field_type="VARCHAR" field_length="255" description="Direcci&#xF3;n de correo electr&#xF3;nico de la persona de contacto."/>
    <field action="change" old_name="invcity" new_name="inv_city" field_name="inv_city" field_type="VARCHAR" field_length="255" description="Localidad de la persona o empresa."/>
    <field field_name="state" field_type="TINYINT" field_length="1" index="index" description=""/>
    <field action="change" old_name="state_copy_1" new_name="estate" field_name="estate" field_type="VARCHAR" field_length="255" description="Provincia de la persona o empresa."/>
    <field action="change" old_name="contacttlf" new_name="contact_tlf" field_name="contact_tlf" field_type="VARCHAR" field_length="20" description="N&#xFA;mero de tel&#xE9;fono de la persona de contacto."/>
    <field action="change" old_name="investate" new_name="inv_estate" field_name="inv_estate" field_type="VARCHAR" field_length="255" description="Provincia de la persona o empresa."/>
    <field field_name="catid" field_type="TEXT" description=""/>
    <field field_name="checked_out" field_type="INT" field_length="11" index="index" description=""/>
    <field action="change" field_name="send_translations" field_type="TINYINT" field_length="1" description="Seleccionar si deseas enviar las traducciones realizadas para este cliente a la direcci&#xF3;n de correo electr&#xF3;nico de esta persona de contacto"/>
    <field field_name="country" field_type="VARCHAR" field_length="255" description="Selecciona un pais de la lista"/>
    <field action="change" old_name="invcountry" new_name="inv_country" field_name="inv_country" field_type="VARCHAR" field_length="255" description="Selecciona un pais de la lista"/>
    <field field_name="checked_out_time" field_type="DATETIME" description=""/>
    <field field_name="email" field_type="VARCHAR" field_length="255" description="Email principal de la persona o empresa"/>
    <field action="change" old_name="invemail" new_name="inv_email" field_name="inv_email" field_type="VARCHAR" field_length="255" description="Email principal de la persona o empresa"/>
    <field field_name="created_by" field_type="INT" field_length="11" index="index" description=""/>
    <field field_name="tlf" field_type="VARCHAR" field_length="20" description="Tel&#xE9;fono principal de la persona o empresa"/>
    <field field_name="modified_by" field_type="INT" field_length="11" index="index" description=""/>
    <field action="change" field_name="inv_other" field_type="TINYINT" field_length="1" description="Si deseas enviar las facturas a otra direcci&#xF3;n deber&#xE1;s cambiar este selector a &lt;strong&gt;No&lt;/strong&gt;. De este modo se a&#xF1;adir&#xE1; una nueva pesta&#xF1;a para que puedas indicar la direcci&#xF3;n de env&#xED;o."/>
    <field action="remove" field_name="send_translations_to"/>
  </table>
  <table action="add" table_name="#__client_translations" storage_engine="" collation="utf8mb4_unicode_ci">
    <field field_name="uploaded_file" field_type="TEXT" description="Selecciona en tu ordenador el archivo con la traducci&#xF3;n a realizar"/>
    <field field_name="id" field_type="INT" field_length="11" is_autoincrement="1" index="primary" description=""/>
    <field field_name="client_id" field_type="INT" field_length="11" description=""/>
    <field field_name="ordering" field_type="INT" field_length="11" index="index" description=""/>
    <field field_name="words" field_type="INT" description=""/>
    <field field_name="quote_id" field_type="TEXT" description="Selecciona el presupuesto para el cliente"/>
    <field field_name="state" field_type="TINYINT" field_length="1" index="index" description=""/>
    <field field_name="checked_out" field_type="INT" field_length="11" index="index" description=""/>
    <field field_name="origin_filename" field_type="VARCHAR" field_length="255" description=""/>
    <field field_name="checked_out_time" field_type="DATETIME" description=""/>
    <field field_name="filename" field_type="VARCHAR(255) COLLATE utf8_bin" description=""/>
    <field field_name="created_by" field_type="INT" field_length="11" index="index" description=""/>
    <field action="change" field_name="uploaded_date" field_type="DATETIME" description="Fecha de entrega del archivo para su traducci&#xF3;n"/>
    <field field_name="modified_by" field_type="INT" field_length="11" index="index" description=""/>
    <field field_name="lines" field_type="TEXT" description=""/>
  </table>
  <table action="add" table_name="#__client_translators" storage_engine="" collation="utf8mb4_unicode_ci">
    <field field_name="name" field_type="VARCHAR" field_length="255" description="Nombre del traductor o de la empresa traductora"/>
    <field action="add" field_name="adrress" field_type="VARCHAR" field_length="255" description="Direcci&#xF3;n de la persona o empresa"/>
    <field action="add" field_name="contact_name" field_type="VARCHAR" field_length="255" description="Nombre y apellidos de la persona de contacto de la empresa."/>
    <field field_name="language_id" field_type="TEXT" description="Lista de idiomas de procedencia-destino que abarca el traductor"/>
    <field action="add" field_name="id" field_type="INT" field_length="11" is_autoincrement="1" index="primary" description=""/>
    <field field_name="alias" field_type="VARCHAR(255) COLLATE utf8_bin" description=""/>
    <field action="add" field_name="cp" field_type="VARCHAR" field_length="10" description="C&#xF3;digo postal de la direcci&#xF3;n de la persona o empresa."/>
    <field action="add" field_name="contact_position" field_type="VARCHAR" field_length="255" description="Cargo que ocupa esta persona dentro de la empresa."/>
    <field action="add" field_name="ordering" field_type="INT" field_length="11" index="index" description=""/>
    <field action="add" field_name="cif" field_type="VARCHAR" field_length="15" description="CIF o NIF de la persona o empresa."/>
    <field action="add" field_name="city" field_type="VARCHAR" field_length="255" description="Localidad de la persona o empresa."/>
    <field action="add" field_name="contacte_mail" field_type="VARCHAR" field_length="255" description="Direcci&#xF3;n de correo electr&#xF3;nico de la persona de contacto."/>
    <field action="add" field_name="state" field_type="TINYINT" field_length="1" index="index" description=""/>
    <field action="add" field_name="estate" field_type="VARCHAR" field_length="255" description="Provincia de la persona o empresa."/>
    <field action="add" field_name="contact_tlf" field_type="VARCHAR" field_length="20" description="N&#xFA;mero de tel&#xE9;fono de la persona de contacto."/>
    <field action="add" field_name="checked_out" field_type="INT" field_length="11" index="index" description=""/>
    <field action="add" field_name="email" field_type="VARCHAR" field_length="255" description="Email principal de la persona o empresa"/>
    <field action="add" field_name="send_translations_to" field_type="TINYINT" field_length="1" description=""/>
    <field action="add" field_name="checked_out_time" field_type="DATETIME" description=""/>
    <field action="add" field_name="tlf" field_type="VARCHAR" field_length="20" description="Tel&#xE9;fono principal de la persona o empresa"/>
    <field action="add" field_name="created_by" field_type="INT" field_length="11" index="index" description=""/>
    <field action="add" field_name="modified_by" field_type="INT" field_length="11" index="index" description=""/>
  </table>
  <table action="add" table_name="#__client_invoices" storage_engine="" collation="utf8mb4_unicode_ci">
    <field field_name="client_id" field_type="INT" field_length="11" description="Cliente al que se facturar&#xE1;."/>
    <field field_name="iva" field_type="VARCHAR" field_length="3" description="Porcentaje de IVA que se aplicar&#xE1; a la factura"/>
    <field field_name="client_data" field_type="TEXT" description="Datos del cliente"/>
    <field field_name="terms" field_type="TEXT" description="Terminos y condiciones de la factura"/>
    <field action="add" field_name="id" field_type="INT" field_length="11" is_autoincrement="1" index="primary" description=""/>
    <field field_name="invoice_date" field_type="DATETIME" description="Fecha de la factura"/>
    <field field_name="invoice_lines" field_type="TEXT" description="Lineas a facturar"/>
    <field action="add" field_name="ordering" field_type="INT" field_length="11" index="index" description=""/>
    <field field_name="invoice_num" field_type="VARCHAR" field_length="255" description="N&#xFA;mero o referencia de la factura"/>
    <field action="add" field_name="state" field_type="TINYINT" field_length="1" index="index" description=""/>
    <field action="add" field_name="quote_id" field_type="TEXT" description="Selecciona el presupuesto para el cliente"/>
    <field action="add" field_name="checked_out" field_type="INT" field_length="11" index="index" description=""/>
    <field field_name="title" field_type="VARCHAR" field_length="255" description="Texto que aparecer&#xE1; en el concepto general de la factura."/>
    <field action="add" field_name="checked_out_time" field_type="DATETIME" description=""/>
    <field field_name="pdf_done" field_type="VARCHAR" field_length="255" description="Indica si se ha ya generado el pdf de la factura"/>
    <field action="add" field_name="created_by" field_type="INT" field_length="11" index="index" description=""/>
    <field field_name="pdf_file" field_type="VARCHAR" field_length="255" description="Pdf de la factura"/>
    <field action="add" field_name="modified_by" field_type="INT" field_length="11" index="index" description=""/>
  </table>
  <table action="add" table_name="#__client_quotes" storage_engine="" collation="utf8mb4_unicode_ci">
    <field field_name="client_id" field_type="INT" field_length="11" description="Cliente para el que est&#xE1; destinado el presupuesto"/>
    <field action="add" field_name="client_data" field_type="TEXT" description="Datos del cliente"/>
    <field action="add" field_name="quote_lines" field_type="TEXT" description="Lineas a facturar"/>
    <field action="add" field_name="terms" field_type="TEXT" description="Terminos y condiciones de la factura"/>
    <field action="add" field_name="id" field_type="INT" field_length="11" is_autoincrement="1" index="primary" description=""/>
    <field action="change" field_name="quote_date" field_type="DATETIME" description="Fecha del presupuesto"/>
    <field action="add" field_name="ordering" field_type="INT" field_length="11" index="index" description=""/>
    <field action="change" field_name="quote_num" field_type="VARCHAR" field_length="255" description="N&#xFA;mero o referencia del presupuesto"/>
    <field action="add" field_name="state" field_type="TINYINT" field_length="1" index="index" description=""/>
    <field action="change" field_name="title" field_type="VARCHAR" field_length="255" description="Texto que aparecer&#xE1; en el concepto general del presupuesto"/>
    <field action="add" field_name="checked_out" field_type="INT" field_length="11" index="index" description=""/>
    <field action="add" field_name="pdf_done" field_type="VARCHAR" field_length="255" description="Indica si se ha ya generado el pdf de la factura"/>
    <field action="add" field_name="checked_out_time" field_type="DATETIME" description=""/>
    <field action="add" field_name="pdf_file" field_type="VARCHAR" field_length="255" description="Pdf de la factura"/>
    <field action="add" field_name="created_by" field_type="INT" field_length="11" index="index" description=""/>
    <field action="add" field_name="modified_by" field_type="INT" field_length="11" index="index" description=""/>
  </table>
  <table action="add" table_name="#__client_languages" storage_engine="" collation="utf8mb4_unicode_ci">
    <field field_name="language_from" field_type="VARCHAR" field_length="255" description="Idioma de procedencia"/>
    <field action="change" field_name="language_to" field_type="VARCHAR" field_length="255" description="Idioma de destino"/>
    <field action="add" field_name="id" field_type="INT" field_length="11" is_autoincrement="1" index="primary" description=""/>
    <field field_name="country_from" field_type="VARCHAR" field_length="255" description="Pais de procedencia del idioma. Debes tener en cuenta que a la hora de traducir, por ejemplo no es lo mismo el espa&#xF1;ol de Espa&#xF1;a que el espa&#xF1;ol de Colombia."/>
    <field action="change" field_name="country_to" field_type="VARCHAR" field_length="255" description="Pais de destino del idioma. Debes tener en cuenta que a la hora de traducir, por ejemplo no es lo mismo el espa&#xF1;ol de Espa&#xF1;a que el espa&#xF1;ol de Colombia."/>
    <field action="add" field_name="ordering" field_type="INT" field_length="11" index="index" description=""/>
    <field action="change" field_name="tag_from" field_type="VARCHAR" field_length="255" description="Etiqueta del idioma-pais de procedencia. Por ejemplo para espa&#xF1;ol de Espa&#xF1;a la etiqueta ser&#xED;a es-ES"/>
    <field action="change" field_name="tag_to" field_type="VARCHAR" field_length="255" description="Etiqueta del idioma-pais de destino. Por ejemplo para espa&#xF1;ol de Espa&#xF1;a la etiqueta ser&#xED;a es-ES"/>
    <field action="add" field_name="state" field_type="TINYINT" field_length="1" index="index" description=""/>
    <field action="add" field_name="checked_out" field_type="INT" field_length="11" index="index" description=""/>
    <field action="add" field_name="checked_out_time" field_type="DATETIME" description=""/>
    <field action="add" field_name="created_by" field_type="INT" field_length="11" index="index" description=""/>
    <field action="add" field_name="modified_by" field_type="INT" field_length="11" index="index" description=""/>
  </table>
</component>
