<?xml version="1.0" encoding="utf-8"?>
<extension type="module" version="3.0" method="upgrade" client="site">
    <name>MOD_CLIENT_NAME</name>
    <creationDate>2020-01-17</creationDate>
    <copyright>2020 Maikol Fustes</copyright>
    <license>Licencia Pública General GNU versión 2 o posterior. Consulte LICENSE.txt</license>
    <author>Maikol Fustes</author>
    <authorEmail>maikol@maikol.eu</authorEmail>
    <authorUrl>https://maikol.eu</authorUrl>
    <version>CVS: 1.0.0</version>
    <description>MOD_CLIENT_DESCRIPTION</description>
    
    <files>
        <filename module="mod_client">mod_client.php</filename>
        <filename>helper.php</filename>
        <filename>index.html</filename>
        <folder>tmpl</folder>
    </files>
    <languages folder="language">
        
			<language tag="en-GB">en-GB/en-GB.mod_client.ini</language>
			<language tag="en-GB">en-GB/en-GB.mod_client.sys.ini</language>
			<language tag="es-ES">es-ES/es-ES.mod_client.ini</language>
			<language tag="es-ES">es-ES/es-ES.mod_client.sys.ini</language>
    </languages>
    <config>
        <fields name="params">
            <fieldset 
                name="content_type" 
                label="MOD_CLIENT_CONTENT_TYPE_TAB_LBL"
                description="MOD_CLIENT_CONTENT_TYPE_TAB_DESC">
                <field
                    name="content_type" type="list"
                    label="MOD_CLIENT_CONTENT_TYPE_LBL"
                    description="MOD_CLIENT_CONTENT_TYPE_DESC">
                    <option value="blank">MOD_CLIENT_CUSTOM_CONTENT</option>
                    <option value="list">MOD_CLIENT_LIST</option>
                    <option value="item">MOD_CLIENT_ITEM</option>
                </field>
            </fieldset>
            <fieldset 
                name="blank_content" 
                label="MOD_CLIENT_CUSTOM_CONTENT_TAB_LBL"
                description="MOD_CLIENT_CUSTOM_CONTENT_TAB_DESC">
                <field 
                    name="html_content" type="editor" filter="safehtml"
                    label="MOD_CLIENT_HTML_LBL"
                    description="MOD_CLIENT_HTML_DESC" />
            </fieldset>
            <fieldset 
                name="list_content" 
                label="MOD_CLIENT_LIST_CONTENT_TAB_LBL"
                description="MOD_CLIENT_LIST_CONTENT_TAB_DESC">
                <field
                    name="table" type="list"
                    label="MOD_CLIENT_TABLE_LBL"
                    description="MOD_CLIENT_TABLE_DESC">
                    
	<option value="#__clients">#__clients</option>
	<option value="#__client_translations">#__client_translations</option>
	<option value="#__client_translators">#__client_translators</option>
	<option value="#__client_invoices">#__client_invoices</option>
	<option value="#__client_quotes">#__client_quotes</option>
	<option value="#__client_languages">#__client_languages</option>
                </field>
                <field 
                    name="field" type="groupedlist" default=""
                    label="MOD_CLIENT_FIELD_LBL"
                    description="MOD_CLIENT_FIELD_DESC">
                    
	<group label="#__clients">
		<option value="id">id</option>
		<option value="created_by">created_by</option>
		<option value="modified_by">modified_by</option>
		<option value="name">name</option>
		<option value="cif">cif</option>
		<option value="alias">alias</option>
		<option value="catid">catid</option>
		<option value="adrress">adrress</option>
		<option value="cp">cp</option>
		<option value="city">city</option>
		<option value="estate">estate</option>
		<option value="country">country</option>
		<option value="email">email</option>
		<option value="tlf">tlf</option>
		<option value="inv_other">inv_other</option>
		<option value="inv_adrress">inv_adrress</option>
		<option value="inv_cp">inv_cp</option>
		<option value="inv_city">inv_city</option>
		<option value="inv_estate">inv_estate</option>
		<option value="inv_country">inv_country</option>
		<option value="inv_email">inv_email</option>
		<option value="contact_name">contact_name</option>
		<option value="contact_position">contact_position</option>
		<option value="contacte_mail">contacte_mail</option>
		<option value="contact_tlf">contact_tlf</option>
		<option value="send_translations">send_translations</option>
		<option value="users_id">users_id</option>
	</group>
	<group label="#__client_translations">
		<option value="id">id</option>
		<option value="created_by">created_by</option>
		<option value="modified_by">modified_by</option>
		<option value="uploaded_file">uploaded_file</option>
		<option value="client_id">client_id</option>
		<option value="words">words</option>
		<option value="quote_id">quote_id</option>
		<option value="origin_filename">origin_filename</option>
		<option value="filename">filename</option>
		<option value="uploaded_date">uploaded_date</option>
		<option value="lines">lines</option>
	</group>
	<group label="#__client_translators">
		<option value="id">id</option>
		<option value="created_by">created_by</option>
		<option value="modified_by">modified_by</option>
		<option value="name">name</option>
		<option value="alias">alias</option>
		<option value="cif">cif</option>
		<option value="adrress">adrress</option>
		<option value="cp">cp</option>
		<option value="city">city</option>
		<option value="estate">estate</option>
		<option value="email">email</option>
		<option value="tlf">tlf</option>
		<option value="contact_name">contact_name</option>
		<option value="contact_position">contact_position</option>
		<option value="contacte_mail">contacte_mail</option>
		<option value="contact_tlf">contact_tlf</option>
		<option value="send_translations_to">send_translations_to</option>
		<option value="language_id">language_id</option>
	</group>
	<group label="#__client_invoices">
		<option value="id">id</option>
		<option value="created_by">created_by</option>
		<option value="modified_by">modified_by</option>
		<option value="client_id">client_id</option>
		<option value="invoice_date">invoice_date</option>
		<option value="invoice_num">invoice_num</option>
		<option value="quote_id">quote_id</option>
		<option value="title">title</option>
		<option value="pdf_done">pdf_done</option>
		<option value="pdf_file">pdf_file</option>
		<option value="client_data">client_data</option>
		<option value="iva">iva</option>
		<option value="invoice_lines">invoice_lines</option>
		<option value="terms">terms</option>
	</group>
	<group label="#__client_quotes">
		<option value="id">id</option>
		<option value="created_by">created_by</option>
		<option value="modified_by">modified_by</option>
		<option value="client_id">client_id</option>
		<option value="quote_date">quote_date</option>
		<option value="quote_num">quote_num</option>
		<option value="title">title</option>
		<option value="pdf_done">pdf_done</option>
		<option value="pdf_file">pdf_file</option>
		<option value="client_data">client_data</option>
		<option value="quote_lines">quote_lines</option>
		<option value="terms">terms</option>
	</group>
	<group label="#__client_languages">
		<option value="id">id</option>
		<option value="created_by">created_by</option>
		<option value="modified_by">modified_by</option>
		<option value="language_from">language_from</option>
		<option value="country_from">country_from</option>
		<option value="tag_from">tag_from</option>
		<option value="language_to">language_to</option>
		<option value="country_to">country_to</option>
		<option value="tag_to">tag_to</option>
	</group>
                </field>
                <field 
                    name="offset" type="text" default="0" filter="uint" class="input-small"
                    label="MOD_CLIENT_OFFSET_LBL"
                    description="MOD_CLIENT_OFFSET_DESC" />
                <field 
                    name="limit" type="text" default="10" filter="uint" class="input-small"
                    label="MOD_CLIENT_LIMIT_LBL"
                    description="MOD_CLIENT_LIMIT_DESC" />
            </fieldset>
            <fieldset 
                name="item_content" 
                label="MOD_CLIENT_ITEM_CONTENT_TAB"
                description="MOD_CLIENT_ITEM_CONTENT_TAB_DESC">
                <field
                    name="item_table" type="list"
                    label="MOD_CLIENT_TABLE_LBL"
                    description="MOD_CLIENT_TABLE_DESC">
                    
	<option value="#__clients">#__clients</option>
	<option value="#__client_translations">#__client_translations</option>
	<option value="#__client_translators">#__client_translators</option>
	<option value="#__client_invoices">#__client_invoices</option>
	<option value="#__client_quotes">#__client_quotes</option>
	<option value="#__client_languages">#__client_languages</option>
                </field>
                <field 
                    name="item_id" type="text" filter="uint" class="input-small"
                    label="MOD_CLIENT_ITEM_ID_LBL"
                    description="MOD_CLIENT_ITEM_ID_DESC"
                />
            </fieldset>
        </fields>
    </config>
</extension>
